,CanonSmiles,Molecules,Active,ROMol,tanimoto_avalon,tanimoto_maccs,tanimoto_ecfp2,tanimoto_ecfp4,tanimoto_ecfp6,tanimoto_fcfp2,tanimoto_fcfp4,tanimoto_fcfp6,tanimoto_rdk5,tanimoto_rdk6,tanimoto_rdk7,tanimoto_map4,dice_avalon,dice_maccs,dice_ecfp2,dice_ecfp4,dice_ecfp6,dice_fcfp2,dice_fcfp4,dice_fcfp6,dice_rdk5,dice_rdk6,dice_rdk7,dice_map4
0,CC(C)n1ncnc1-c1nc(-c2ccc(C3CCN(CCOC4CCCCO4)CC3)cc2O)c(CCO)s1,<rdkit.Chem.rdchem.Mol object at 0x7c5e401cdb60>,1,<rdkit.Chem.rdchem.Mol object at 0x7c5d9313ca50>,0.0829145728643216,0.2898550724637681,0.1702127659574468,0.1375,0.11009174311926606,0.0,0.011363636363636364,0.0,0.08333333333333333,0.06788793103448276,0.03910950661853189,0.05202312138728324,0.1531322505800464,0.449438202247191,0.2909090909090909,0.24175824175824176,0.19834710743801653,0.0,0.02247191011235955,0.0,0.15384615384615385,0.12714429868819374,0.07527504342790967,0.0989010989010989
1,CC(C)n1ncnc1-c1nc2c(s1)CCOc1cc(C3CCN(CCOC(O)CCCCO)CC3)ccc1-2,<rdkit.Chem.rdchem.Mol object at 0x7c5e401cdbd0>,1,<rdkit.Chem.rdchem.Mol object at 0x7c5d9313d000>,0.07300884955752213,0.2777777777777778,0.12,0.08235294117647059,0.05042016806722689,0.0,0.0,0.0,0.07654723127035831,0.059959349593495935,0.03285077951002227,0.05436337625178827,0.1360824742268041,0.43478260869565216,0.21428571428571427,0.15217391304347827,0.096,0.0,0.0,0.0,0.1422087745839637,0.11313518696069032,0.06361185983827493,0.10312075983717775
